EuroMillions;18.02.2022;7 10 15 44 49 et ‚toiles 2 9
Loto suisse;16.02.2022;2 12 16 19 30 38 et num‚ro chance 2
Swiss Loto Express;15.02.2022;1 6 8 9 16 28
Joker+;14.02.2022;6 5 5 5 5 5
My Million;13.02.2022;AB 784 1553
Loto France;12.02.2022;2 11 13 22 29 et num‚ro chance 2
El Gordo;11.02.2022;7311
Powerball;10.02.2022;1 8 21 44 47 et Powerball 16
Mega Millions;09.02.2022;7 12 19 22 31 et Mega Ball 10
Lotto Max;08.02.2022;4 10 20 27 28 31 et num‚ro chance 47
Lotto ;05.02.2022;6/49,3 6 18 29 36 42 et num‚ro bonus 27
SuperEnalotto;04.02.2022;3 8 23 34 43 85 et Jolly 31
Bonoloto;03.02.2022;5 8 12 19 23 31
La Primitiva;02.02.2022;9 16 20 23 33 41 et n£mero complementario 14
EuroJackpot;01.02.2022;12 16 26 28 45 et ‚toiles 1 10
UK National Lottery;29.01.2022;3 15 29 32 35 42 et num‚ro bonus 13
Thunderball;26.01.2022;3 8 14 21 26 et Thunderball 5
Irish Lotto;22.01.2022;1 7 18 20 25 36 et num‚ro bonus 27
Oz Lotto;18.01.2022;5 6 14 15 28 32 39 et num‚ro suppl‚mentaire 40
Lotto ;15.01.2022;649,3 11 18 31 38 46 et num‚ro bonus 5
Lotto;15.01.2022;649 Extra,1142254
Lotto Maxmillions;14.01.2022;10 14 18 19 24 25 43
Western Max;14.01.2022;10 16 23 29 34 37 47 et num‚ro suppl‚mentaire 31
Lotto America;12.01.2022;4 17 24 27 29 et Star Ball 1
Cash4Life;11.01.2022;2 7 31 43 57 et Cash Ball 4
Lucky for Life;10.01.2022;10 22 25 32 33 et Lucky Ball 5
Pick ;09.01.2022;3,9 2 3
Pick ;09.01.2022;4,6
